업체코드,업체명,업종,현역배정인원,현역편입인원,현역복무인원,보충역배정인원,보충역편입인원,보충역복무인원,채용유무
120160257,(주)마인즈랩,정보처리,4,3,5,1479,7,10,
120150618,주식회사 엔진스튜디오,정보처리,2,2,8,1479,7,9,
119992253,디앤에스에버 주식회사,정보처리,1,1,1,700,7,7,
120190152,해치랩스주식회사,정보처리,1,1,1,700,6,6,
120190512,주식회사하비인더박스,정보처리,2,3,5,600,5,6,모집중
120190480,(주)아이스크림에듀,정보처리,1,1,1,700,5,5,
120110036,한국디지탈콘트롤(주),정보처리,3,3,3,1479,4,6,모집중
120190269,주식회사에어스메디컬,정보처리,3,3,3,558,4,6,
119981017,펜타시큐리티시스템(주),정보처리,2,2,3,600,4,7,
120180741,매스프레소,정보처리,2,2,8,700,4,8,모집중
120190082,(주)스틸리언,정보처리,2,1,2,558,4,5,
120190119,주식회사콘샐러드,정보처리,2,2,2,558,4,5,
120150610,(주)하이퍼커넥트,정보처리,1,1,13,558,4,11,
120180353,(주)아이앤아이소프트,정보처리,1,1,2,1479,4,4,
120190518,주식회사에스브이,정보처리,1,1,1,558,4,3,
120171418,(주)두두아이티,정보처리,0,0,0,558,4,4,
120200384,셀렉트스타,정보처리,0,0,0,700,4,4,
120161050,주식회사스캐터랩,정보처리,2,2,7,558,3,3,
120171512,아틀라스네트웍스,정보처리,2,2,5,600,3,3,
120180111,테이블매니저(주),정보처리,2,2,3,558,3,4,
120190079,주식회사 온다,정보처리,2,2,2,558,3,4,
120190092,(주)파이랩테크놀로지,정보처리,2,2,2,558,3,5,
120190496,주식회사리턴제로,정보처리,2,2,3,558,3,5,
120190572,(주)센트비,정보처리,2,2,2,558,3,4,
120190979,주식회사 포커스원,정보처리,2,2,2,1479,3,2,
120140214,(주)아이엠티소프트,정보처리,1,1,3,1479,3,4,
120150619,주식회사 5민랩,정보처리,1,1,6,558,3,3,
120160956,주식회사컬처메이커스,정보처리,1,1,1,600,3,3,
120160993,두나무(주),정보처리,1,1,6,700,3,4,
120171525,주식회사테크랩스,정보처리,1,1,1,558,3,3,
120180226,(주)아이디어콘서트,정보처리,1,1,1,1479,3,3,
120180393,(주)포티투마루,정보처리,1,1,1,558,3,4,
120180397,탱커펀드(주),정보처리,1,2,4,700,3,5,
120180701,(주)왓챠,정보처리,1,1,2,600,3,4,
120190601,주식회사체커,정보처리,1,1,1,558,3,3,
120190647,(주)애드캡슐소프트,정보처리,1,1,1,558,3,3,
120002203,(주)다하미커뮤니케이션즈,정보처리,0,0,0,558,3,4,
120120179,(주)스윙크,정보처리,0,0,0,558,3,3,
120150611,(주)비바리퍼블리카,정보처리,0,0,13,558,3,8,
120151017,(주)아카에이아이,정보처리,0,0,1,700,3,4,
120171440,주식회사선도소프트,정보처리,0,0,0,700,3,4,
120190184,(주)아이와즈,정보처리,0,0,0,817,3,3,
120190627,(주)단감소프트,정보처리,0,0,0,600,3,3,
120200278,(주)티켓플레이스,정보처리,0,0,0,600,3,3,
120200313,(주)카르타,정보처리,0,0,0,700,3,3,
120200368,(주)에이젠글로벌,정보처리,0,0,0,600,3,3,
120200405,(주)라이언로켓,정보처리,0,0,0,558,3,3,
120200406,와이피랩스(주),정보처리,0,0,0,600,3,3,
120130234,(주)우아한형제들,정보처리,2,2,7,558,2,3,
120161004,주식회사 버킷플레이스,정보처리,2,2,7,558,2,2,
120002192,(주)넷블루,정보처리,1,0,0,1244,2,3,
120130498,(주)아이지에이웍스,정보처리,1,1,4,558,2,2,
120140617,온오프믹스,정보처리,1,1,2,558,2,3,모집중
120160933,엘에스웨어(주),정보처리,1,1,2,558,2,2,
120171315,주식회사봉봉,정보처리,1,1,1,558,2,2,
120171435,(주)뤼이드,정보처리,1,1,6,558,2,7,
120180120,(주)코리아퍼스텍,정보처리,1,1,2,558,2,2,
120180312,디토닉(주),정보처리,1,1,1,1479,2,3,
120190073,주식회사누아,정보처리,1,1,1,558,2,2,모집중
120190123,씨아이그룹,정보처리,1,0,0,558,2,2,
120190264,(주)머니브레인,정보처리,1,1,1,558,2,2,
120190270,스트리스,정보처리,1,1,1,558,2,2,
120190410,진주소프트,정보처리,1,1,1,1512,2,2,
120190412,어니언커뮤니케이션즈,정보처리,1,1,1,1512,2,2,모집중
120190473,주식회사셰어킴,정보처리,1,2,2,558,2,2,
120190980,(주)코인플러그,정보처리,1,1,1,1479,2,3,
120190987,비주얼캠프,정보처리,1,1,1,1479,2,4,모집중
119971345,(주)컴트루테크놀로지,정보처리,0,0,1,558,2,2,
119992077,케이웨더(주),정보처리,0,0,0,558,2,2,
120002583,(주)지오소프트,정보처리,0,0,0,558,2,2,
120120182,(주)폴리큐브,정보처리,0,0,0,558,2,2,모집중
120150622,(주)토이스미스,정보처리,0,0,1,558,2,3,모집중
120171329,주식회사셀메이트,정보처리,0,0,1,558,2,3,모집중
120171428,주식회사아이아라,정보처리,0,1,4,558,2,2,
120171487,(주)에프원시큐리티,정보처리,0,0,0,558,2,2,
120180279,투스라이프,정보처리,0,0,0,1479,2,3,
120180375,인포보스(주),정보처리,0,0,0,558,2,1,
120180395,(주)휴마트컴퍼니,정보처리,0,0,1,558,2,2,
120190134,(주)필라넷,정보처리,0,0,0,558,2,2,
120190641,드제이,정보처리,0,0,0,558,2,2,모집중
120190970,(주)링크제니시스,정보처리,0,0,0,1479,2,2,
120191349,(주)리틀송뮤직,정보처리,0,0,1,700,2,3,
120200041,(주)팀오투,정보처리,0,0,0,558,2,2,
119991910,삼정데이타서비스(주),정보처리,3,3,7,558,1,1,
120171500,에이비일팔공,정보처리,3,3,7,558,1,6,
120190260,주식회사티오리한국,정보처리,3,3,3,558,1,4,
120191204,(주)클라썸,정보처리,3,2,2,558,1,4,
120002626,킹스정보통신(주),정보처리,2,2,2,1479,1,3,
120130467,퓨렌스(주),정보처리,2,1,1,558,1,3,
120150549,(주)퓨처로봇,정보처리,2,2,2,1479,1,2,
120180048,(주)헤렌,정보처리,2,1,3,558,1,7,
120190103,하임시큐리티,정보처리,2,2,2,558,1,2,
120100075,(주)모젯,정보처리,1,1,1,558,1,2,
120130378,(주)공간소프트,정보처리,1,1,1,1479,1,1,
120130490,브이씨엔씨(주),정보처리,1,1,6,558,1,2,
120130587,리디(주),정보처리,1,1,3,558,1,1,
120150640,(주)코비젼,정보처리,1,1,2,558,1,1,
120160940,주식회사채널코퍼레이션,정보처리,1,1,4,558,1,3,
120171327,주식회사스마트동스쿨,정보처리,1,0,0,600,1,1,모집중
120171340,주식회사 마켓잇(Marketit Inc.),정보처리,1,1,4,558,1,1,
120171347,(주)싸이크로스,정보처리,1,1,1,558,1,1,
120171461,주식회사힐링페이퍼,정보처리,1,1,5,558,1,1,
120171476,주식회사어니스트펀드,정보처리,1,2,4,558,1,2,
120171505,(주)메쉬코리아,정보처리,1,2,2,558,1,3,
120171516,(주)하이컴텍,정보처리,1,1,1,558,1,1,
120171526,주식회사올로케이션,정보처리,1,0,0,558,1,0,
120171527,(주)에이블리코퍼레이션,정보처리,1,1,5,558,1,1,
120180085,(주)시큐레이어,정보처리,1,1,1,558,1,1,
120180112,(주)하이퍼리즘,정보처리,1,1,2,558,1,4,
120180114,이쓰리,정보처리,1,1,2,558,1,1,
120180244,(주)로드피아,정보처리,1,0,0,1479,1,1,
120180277,블루가(주),정보처리,1,1,2,1479,1,1,
120180280,홍익과학기술,정보처리,1,1,4,1479,1,1,
120180292,(주)네비웍스,정보처리,1,0,4,1479,1,1,
120180355,(주)웰데이타시스템,정보처리,1,1,2,1479,1,1,
120180372,(주)팀엘리시움,정보처리,1,1,5,558,1,7,
120180385,(주)시큐어가드테크놀러지,정보처리,1,1,3,558,1,2,
120180752,(주)피플펀드컴퍼니,정보처리,1,1,2,558,1,2,
120190074,코드잇,정보처리,1,1,1,558,1,3,
120190076,(주)포비즈코리아,정보처리,1,0,0,558,1,1,
120190084,(주)엘리스,정보처리,1,1,2,558,1,2,
120190087,마피아컴퍼니,정보처리,1,1,1,700,1,2,
120190100,(주)메타시스넷,정보처리,1,0,0,558,1,1,
120190114,주식회사나인코퍼레이션,정보처리,1,1,1,558,1,1,
120190117,엠포플러스(주),정보처리,1,1,1,558,1,1,
120190129,마이뮤직테이스트,정보처리,1,1,1,558,1,2,
120190141,유디니주식회사,정보처리,1,1,2,558,1,1,
120190252,버즈빌,정보처리,1,1,1,558,1,1,
120190257,(주)휴먼스케이프,정보처리,1,1,1,558,1,1,
120190262,(주)투게더앱스,정보처리,1,1,1,558,1,1,
120190491,(주)딥핑소스,정보처리,1,1,1,558,1,1,
120190495,주식회사데일리샷,정보처리,1,1,1,558,1,1,
120190503,스트라티오코리아,정보처리,1,1,1,558,1,1,
120190504,(주)와우소프트,정보처리,1,1,1,558,1,1,
120190519,주식회사마인딩,정보처리,1,1,1,558,1,1,
120190522,(주)매드업,정보처리,1,1,1,558,1,1,
120190542,주식회사와이키키소프트,정보처리,1,1,1,558,1,1,
120190543,주식회사뷰쓰리,정보처리,1,1,1,700,1,1,
120190564,주식회사코드박스,정보처리,1,0,0,558,1,3,
120190625,핑거포스트,정보처리,1,1,1,558,1,0,
119980943,세기정보통신(주),정보처리,0,0,1,558,1,1,
119991964,양재미디어(주),정보처리,0,0,0,558,1,1,
120002351,슈어엠(주),정보처리,0,0,0,558,1,2,
120002565,(주)자이닉스,정보처리,0,0,0,558,1,2,
120010325,사이버씨브이에스(주),정보처리,0,0,0,558,1,1,
120010433,(주)도전하는사람들,정보처리,0,0,0,558,1,1,
120010509,(주)케이원정보통신,정보처리,0,0,0,558,1,2,
120010732,앤시정보기술(주),정보처리,0,0,0,553,1,1,
120090232,(주)한신정보기술,정보처리,0,0,0,556,1,1,
120120361,(주)비오시스템즈,정보처리,0,0,0,558,1,2,
120130060,씨엔티테크(주),정보처리,0,0,0,558,1,2,
120130409,(주)이파피루스,정보처리,0,0,4,1479,1,2,
120130423,(주)티라유텍,정보처리,0,0,0,558,1,1,
120130433,(주)휴메카정보통신,정보처리,0,0,0,558,1,1,
120130446,(주)니트로아이,정보처리,0,0,2,1479,1,2,모집중
120130472,호디,정보처리,0,0,1,558,1,1,
120130509,(주)포시에스,정보처리,0,0,0,558,1,1,
120140449,유니원아이앤씨(주),정보처리,0,0,0,558,1,1,
120150490,주식회사휴앤시스,정보처리,0,0,0,1479,1,1,
120150609,주식회사 직방,정보처리,0,0,0,558,1,3,
120150627,(주)디지탈쉽,정보처리,0,0,0,558,1,1,
120150638,(주)라이프사이언스테크놀로지,정보처리,0,0,0,558,1,1,
120151018,(주)마이다스인,정보처리,0,1,3,1479,1,2,
120160310,써밋디자인,정보처리,0,0,0,817,1,1,
120160726,(주)인솔엠앤티,정보처리,0,0,1,1244,1,1,
120160983,미림미디어랩(주),정보처리,0,0,1,558,1,1,
120160991,주식회사노리코리아,정보처리,0,0,0,558,1,1,
120161002,(주)위즈코리아,정보처리,0,0,1,558,1,2,
120161030,주식회사버즈니,정보처리,0,0,0,558,1,2,
120170794,주식회사투비네트웍스글로벌,정보처리,0,0,0,1479,1,2,모집중
120170796,(주)유비씨,정보처리,0,0,2,1479,1,2,모집중
120171332,(주)엠그램,정보처리,0,0,0,558,1,1,
120171346,주식회사 아레스,정보처리,0,0,1,817,1,1,모집중
120171348,아이엠씨큐브,정보처리,0,0,0,600,1,1,모집중
120171360,(주)자비스앤빌런즈,정보처리,0,1,1,558,1,1,
120171400,(주)인벤티스,정보처리,0,0,0,558,1,1,
120171475,코인원,정보처리,0,0,2,558,1,2,
120171477,주식회사브랜디,정보처리,0,0,0,558,1,1,
120171488,(주)업루트,정보처리,0,0,0,558,1,0,
120171504,(주)콘텐츠브릿지,정보처리,0,0,0,558,1,1,
120171795,(주)미추홀공간지적,정보처리,0,0,3,1512,1,1,
120180052,(주)코드스테이츠,정보처리,0,0,2,558,1,1,
120180061,(주)투비원솔루션즈,정보처리,0,0,0,558,1,2,
120180064,(주)위우너스,정보처리,0,0,2,558,1,1,
120180228,(주)오르고소프트,정보처리,0,0,4,1479,1,1,
120180233,인포벨리코리아,정보처리,0,0,1,1479,1,1,
120180234,한시큐리티(주),정보처리,0,0,0,1479,1,3,
120180275,(주)엔디씨에스,정보처리,0,0,1,1479,1,1,
120180366,(주)빛컨,정보처리,0,0,0,558,1,1,
120180692,(주)온피아,정보처리,0,0,0,558,1,1,
120180710,(주)에스제이링크,정보처리,0,0,0,558,1,1,
120181048,주식회사매스아시아,정보처리,0,0,2,558,1,4,
120181049,(주)한컴위드,정보처리,0,0,1,1479,1,1,
120190105,(주)토마토시스템,정보처리,0,0,0,558,1,1,
120190181,(주)더에스,정보처리,0,0,0,0,1,0,
120190265,(주)엘앤제이테크,정보처리,0,0,0,558,1,1,
120190266,인지소프트,정보처리,0,0,0,558,1,1,
120190267,(주)캐럿솔루션즈,정보처리,0,0,0,558,1,1,모집중
120190476,인더포레스트,정보처리,0,0,0,558,1,1,
120190482,(주)아인스에스엔씨,정보처리,0,0,0,20,1,1,
120190498,호두에이아이랩(주),정보처리,0,0,0,0,1,1,
120190547,(주)인정보,정보처리,0,0,0,558,1,1,
120190552,주식회사몰로코,정보처리,0,0,2,558,1,1,
120190567,(주)에이아이트릭스,정보처리,0,0,0,558,1,2,
120190582,(주)솔루게이트,정보처리,0,0,0,558,1,0,
120190599,주식회사모두의클래스,정보처리,0,0,0,558,1,1,
120190603,주식회사클래스팅,정보처리,0,0,0,558,1,1,
120190630,당근마켓,정보처리,0,0,3,558,1,4,
120190710,(주)YH데이타베이스,정보처리,0,0,0,1244,1,1,
120190717,(주)데이타프로텍,정보처리,0,0,0,1244,1,1,
120191249,주식회사 그리다에너지,정보처리,0,0,0,454,1,1,
120191316,(주)인타운,정보처리,0,0,0,553,1,1,
120200059,(주)에스유지,정보처리,0,0,0,553,1,1,
120200072,(주)유니로보틱스,정보처리,0,0,0,1512,1,1,
120200117,(주)브이알애드,정보처리,0,0,0,1479,1,1,
120200191,(주)넥스티브,정보처리,0,0,0,700,1,1,
120200217,씨알에스큐브,정보처리,0,0,0,600,1,1,
120200230,(주)카펜스트리트,정보처리,0,0,0,700,1,1,
120200247,(주)한국금융솔루션,정보처리,0,0,0,558,1,1,모집중
120200310,주식회사아티큐,정보처리,0,0,0,600,1,1,모집중
120200369,(주)메이아이,정보처리,0,0,0,700,1,1,
120200382,가즈아랩스,정보처리,0,0,0,558,1,1,
120200387,휴멜로(주),정보처리,0,0,0,600,1,1,
120200390,(주)에듀토셀,정보처리,0,0,0,600,1,1,
120200392,버바검프(주),정보처리,0,0,0,600,1,1,
120200404,다인리더스,정보처리,0,0,0,700,1,1,모집중
120200692,파인브이티,정보처리,0,0,0,1479,1,1,모집중
120200835,(주)인프랩,정보처리,0,0,0,1479,1,1,
120190275,주식회사화이트블록,정보처리,3,3,4,558,0,0,
120130081,(주)에이씨케이,정보처리,2,2,4,1479,0,1,
120150614,피노텍,정보처리,2,2,3,558,0,0,
120161055,주식회사오픈서베이,정보처리,2,2,3,558,0,0,
120171497,(주)이지식스,정보처리,2,2,8,558,0,0,
120180390,(주)셈웨어,정보처리,2,2,3,558,0,1,
120180689,(주)센드버드코리아,정보처리,2,2,6,558,0,3,
120190072,호스트센터(주),정보처리,2,2,2,558,0,3,모집중
120190075,주식회사케이브레인컴퍼니,정보처리,2,2,2,558,0,0,
120190083,주식회사집토스,정보처리,2,2,2,558,0,2,
120190121,빅펄주식회사,정보처리,2,2,3,558,0,0,
120190149,(주)띵스플로우,정보처리,2,2,2,558,0,1,
120190180,(주)비플렉스,정보처리,2,2,2,817,0,0,
120190274,(주)프리윌린,정보처리,2,1,2,558,0,1,
120190288,주식회사아트만파트너스,정보처리,2,2,2,558,0,0,
120190481,블록웨어,정보처리,2,2,3,558,0,1,
120190509,주식회사기원테크,정보처리,2,2,2,558,0,0,
120190961,(주)아이비스,정보처리,2,2,2,1479,0,0,
120190972,주식회사엔키,정보처리,2,2,2,1479,0,4,
120190977,(주)트리니티소프트,정보처리,2,2,2,1479,0,0,
120191312,주식회사도베르만,정보처리,2,2,2,553,0,0,
119961110,(주)코아텍(의왕),정보처리,1,1,2,1479,0,0,
119992019,(주)웹티즌,정보처리,1,1,3,558,0,0,
120070097,씨아이씨라이프(주),정보처리,1,1,1,850,0,0,
120110045,데브시스터즈(주),정보처리,1,1,6,558,0,4,
120110142,아이알링크(주),정보처리,1,1,3,558,0,1,
120130564,(주)빙글,정보처리,1,1,2,558,0,1,
120130604,(주)플레이오토,정보처리,1,1,5,558,0,5,
120130642,(주)명정보기술,정보처리,1,1,3,556,0,3,
120140042,엔에스스튜디오,정보처리,1,1,1,1479,0,0,
120140464,주식회사스타일쉐어,정보처리,1,1,5,558,0,1,
120140486,주식회사디앤디랩,정보처리,1,0,4,558,0,1,
120150492,에이치아이티주식회사,정보처리,1,1,3,1479,0,0,
120150612,아름누리메디컴,정보처리,1,1,2,1479,0,0,
120150615,(주) 드라마앤컴퍼니,정보처리,1,1,2,558,0,2,
120150644,(주)에이티앤에스그룹,정보처리,1,0,1,558,0,0,
120150657,주식회사 아인톱시스템,정보처리,1,1,2,558,0,0,
120150860,(주)우리라인,정보처리,1,1,2,544,0,0,
120151004,(주)마이다스아이티,정보처리,1,1,2,1479,0,0,
120160213,이노와이어리스,정보처리,1,1,2,1479,0,0,
120160307,(주)자이엔트,정보처리,1,1,3,817,0,0,
120160528,(주)첨단공간정보,정보처리,1,1,1,544,0,0,
120160936,주식회사이포넷,정보처리,1,1,1,558,0,0,
120160944,(주)이스트몹,정보처리,1,0,0,558,0,0,
120160947,주식회사프렌트립,정보처리,1,1,3,558,0,0,
120160974,엑세스(주),정보처리,1,1,3,558,0,0,
120160985,주식회사지오스토리,정보처리,1,1,2,558,0,0,
120161018,(주)시큐브,정보처리,1,1,3,558,0,0,
120161035,(주)엠엘소프트,정보처리,1,1,2,558,0,0,
120161038,(주)에이블스토어,정보처리,1,1,3,558,0,0,
120161044,(주)핸디커뮤니케이션즈,정보처리,1,1,1,558,0,1,
120161133,(주)무른모,정보처리,1,1,2,1512,0,1,
120171310,스탠다드네트웍스주식회사,정보처리,1,1,2,558,0,0,
120171318,서울시스템(주),정보처리,1,1,2,558,0,0,
120171324,주식회사모프인터랙티브,정보처리,1,1,3,558,0,1,
120171362,(주)구름네트웍스,정보처리,1,1,1,558,0,1,
120171425,주식회사로플랫,정보처리,1,1,2,558,0,1,
120171426,(주)니어스랩,정보처리,1,1,1,558,0,0,
120171489,에스엘지주식회사,정보처리,1,1,3,558,0,1,
120171532,(주)휴먼플러스,정보처리,1,0,2,558,0,0,
120180056,(주)지인시스템,정보처리,1,1,2,558,0,0,
120180117,플링크,정보처리,1,1,2,558,0,3,
120180126,(주)비욘드테크,정보처리,1,1,2,558,0,0,
120180211,아와소프트,정보처리,1,1,2,1479,0,0,
120180278,콩테크(주),정보처리,1,1,1,1479,0,0,
120180358,(주)피씨엔,정보처리,1,1,2,558,0,0,
120180361,(주)캐스트이즈,정보처리,1,1,2,700,0,0,
120180368,(주)제스아이앤씨,정보처리,1,1,2,558,0,0,
120180369,(주)글로브포인트,정보처리,1,1,2,544,0,0,
120180378,(주)리눅스데이타시스템,정보처리,1,1,2,558,0,0,
120180585,(주)코드엠,정보처리,1,1,2,558,0,0,
120180588,(주)인포웍스,정보처리,1,1,2,558,0,1,
120180592,(주)알엠소프트,정보처리,1,1,1,558,0,0,
120180640,(주)드림에이스,정보처리,1,1,1,558,0,0,
120180641,(주)누리고,정보처리,1,1,1,558,0,0,
120180785,(주)코에버정보기술,정보처리,1,1,2,558,0,0,
120180786,(주)휴엔시스템,정보처리,1,1,1,558,0,0,
120190080,(주)테르텐,정보처리,1,1,1,558,0,1,
120190081,(주)디지털존마포지점,정보처리,1,1,2,558,0,0,
120190085,(주)아키드로우,정보처리,1,0,0,558,0,0,
120190086,(주)임픽스,정보처리,1,1,1,558,0,0,
120190088,(주)마에스트로네트웍스,정보처리,1,1,1,558,0,0,
120190089,(주)지티커넥트,정보처리,1,0,0,558,0,0,
120190091,에멘탈주식회사,정보처리,1,1,1,558,0,0,
120190093,린아레나,정보처리,1,0,0,558,0,0,
120190094,주식회사하이메디,정보처리,1,0,1,558,0,0,
120190097,씨엠유니버스(주),정보처리,1,1,2,558,0,0,
120190107,니트로소프트(주),정보처리,1,0,0,558,0,0,모집중
120190110,주식회사스마일벤처스,정보처리,1,1,3,558,0,0,
120190126,레드테이블,정보처리,1,1,1,558,0,0,
120190145,(주)레디코리아,정보처리,1,1,1,558,0,0,
120190182,주식회사프라임제이이앤씨,정보처리,1,1,1,817,0,0,
120190251,주식회사위주,정보처리,1,1,1,558,0,0,
120190253,(주)엠시스텍,정보처리,1,1,1,558,0,0,
120190254,(주)메이크스타,정보처리,1,0,0,558,0,0,
120190255,메리티움(주),정보처리,1,0,0,558,0,0,
120190263,주식회사아신아이,정보처리,1,1,1,558,0,0,
120190268,사이클롭스주식회사,정보처리,1,0,0,558,0,1,
120190272,주식회사스냅컴퍼니,정보처리,1,1,1,558,0,0,
120190273,(주)사이버다임,정보처리,1,1,1,558,0,0,
120190277,(주)이노티브아이엔씨,정보처리,1,1,1,558,0,0,
120190411,(주)신성ICT,정보처리,1,1,1,1512,0,0,
120190413,(주)지와이네트웍스,정보처리,1,1,1,1512,0,0,
120190414,(주)도프네트웍,정보처리,1,1,1,1512,0,0,
120190415,(주)펜타코드,정보처리,1,0,0,1512,0,0,
120190477,퍼니피그(주),정보처리,1,1,1,558,0,0,
120190479,주식회사모아플래닛,정보처리,1,1,1,558,0,0,
120190484,주식회사 나인커뮤니케이션,정보처리,1,1,1,20,0,0,
120190485,엘더트리주식회사,정보처리,1,1,1,558,0,0,
120190486,(주)아이오트러스트,정보처리,1,1,1,558,0,0,
120190488,주식회사플랫팜,정보처리,1,1,1,558,0,0,
120190490,(주)에어큐브,정보처리,1,1,1,558,0,0,
120190492,주식회사엠에이치엔씨티,정보처리,1,1,1,558,0,0,
120190499,주식회사비트리,정보처리,1,1,1,558,0,0,
120190500,(주)한국기업보안,정보처리,1,1,1,558,0,0,
120190502,성민네트웍스,정보처리,1,1,1,558,0,0,
120190505,주식회사엔젤스윙,정보처리,1,1,2,558,0,0,
120190507,주식회사그로브소프트,정보처리,1,1,1,558,0,0,
120190508,디지탈센스,정보처리,1,1,1,558,0,0,
120190513,(주)브로드씨엔에스,정보처리,1,1,1,558,0,0,
120190517,(주)인젠트,정보처리,1,1,1,558,0,0,
120190520,리호즈(주),정보처리,1,1,1,558,0,3,
120190521,(주)엠텔레텍,정보처리,1,1,1,558,0,0,
120190523,(주)소프트파워,정보처리,1,1,1,558,0,0,
120190529,제이비티,정보처리,1,1,1,558,0,0,
120190530,트래볼루션,정보처리,1,1,1,558,0,0,모집중
120190532,주식회사씽크트리,정보처리,1,1,1,558,0,0,
120190538,(주)동곡기정,정보처리,1,0,0,558,0,0,
120190539,주식회사에이에프아이,정보처리,1,1,1,558,0,0,
120190545,(주)이루다컴,정보처리,1,1,0,558,0,0,
120190556,주식회사우리강산시스템,정보처리,1,1,1,558,0,0,
120190557,주식회사프리버,정보처리,1,1,1,558,0,0,
120190575,(주)탈잉,정보처리,1,1,1,558,0,0,
120190579,주식회사유비디시전,정보처리,1,1,1,558,0,0,
120190580,(주)블루데이타시스템즈,정보처리,1,1,1,558,0,0,
120190584,이아이씨엔,정보처리,1,1,1,558,0,0,
120190587,주식회사윌두,정보처리,1,1,1,558,0,0,
120190604,(주)아임클라우드,정보처리,1,1,1,558,0,0,
120190607,주식회사위즈페이스,정보처리,1,1,1,558,0,1,
120190610,기분좋은커뮤니케이션,정보처리,1,1,1,558,0,0,
120190619,위플래닛,정보처리,1,1,1,558,0,0,
120190640,주식회사 아키브소프트,정보처리,1,1,1,544,0,0,
120190711,(주)유에이썬,정보처리,1,1,1,1244,0,0,
120190712,(주)소니스트,정보처리,1,1,1,1244,0,0,
120190714,(주)위니텍,정보처리,1,1,1,1244,0,0,
120190715,나루스튜디오,정보처리,1,1,1,1244,0,0,
120190962,로데브(주),정보처리,1,1,1,1479,0,0,
120190964,주식회사 아티프렌즈,정보처리,1,1,1,1479,0,0,
120190965,(주)아이티굿,정보처리,1,0,0,1479,0,0,
120190966,아날로그플러스,정보처리,1,1,0,1479,0,0,모집중
120190967,(주)피트,정보처리,1,0,0,1479,0,1,
120190969,(주)올리브헬스케어,정보처리,1,1,1,1479,0,0,
120190973,제이알정보기술(주),정보처리,1,1,1,1479,0,0,
120190974,메트로소프트,정보처리,1,1,1,1479,0,0,
120190975,(주)비손콘텐츠,정보처리,1,1,1,1479,0,0,
120190976,(주)가비아씨엔에스,정보처리,1,1,1,1479,0,0,
120190981,네오카텍,정보처리,1,1,1,1479,0,0,
120190982,뉴젠스,정보처리,1,0,0,1479,0,0,
120190983,(주)소프트일레븐,정보처리,1,1,1,1479,0,0,
120190985,주식회사포더비전,정보처리,1,1,0,1479,0,0,
120190986,시큐놀로지랩 유한회사,정보처리,1,1,1,1479,0,0,
120190989,주식회사피아이코드,정보처리,1,1,1,1479,0,0,
120190991,미디어코어시스템즈,정보처리,1,1,1,1479,0,0,
120191205,주식회사코드브릭,정보처리,1,0,0,558,0,0,
120191248,타이아(주),정보처리,1,1,1,454,0,0,
120191320,(주)소프트퓨전,정보처리,1,1,1,558,0,0,
120201005,주식회사 레몬베이스,정보처리,1,1,1,558,0,0,
119951122,(주)이스트소프트,정보처리,0,0,1,558,0,1,
119971256,(주)부동산뱅크,정보처리,0,0,0,558,0,1,
119991886,메타빌드(주),정보처리,0,0,0,558,0,1,
120002349,(주)수도프리미엄엔지니어링,정보처리,0,0,0,558,0,1,
120002646,(주)티엔씨테크날로지,정보처리,0,0,2,558,0,0,
120002688,한국비즈넷(주),정보처리,0,0,1,558,0,0,
120010289,(주)매트릭스투비,정보처리,0,0,0,558,0,1,
120010403,(주)에스엠티,정보처리,0,0,0,1512,0,2,모집중
120010675,(주)나고소프트,정보처리,0,0,0,0,0,1,
120010908,인프라소프트(주),정보처리,0,0,1,558,0,0,
120010918,진진시스템(주),정보처리,0,0,0,558,0,0,모집중
120030152,(주)오토브레인,정보처리,0,0,1,0,0,0,
120050182,(주)인스웨이브시스템즈,정보처리,0,0,0,558,0,1,
120070007,(주)진우소프트이노베이션,정보처리,0,0,1,20,0,0,
120070403,삼부기술(주),정보처리,0,0,0,1479,0,0,모집중
120070438,(주)이스트시큐리티,정보처리,0,0,0,558,0,1,
120080188,(주)퓨쳐위즈,정보처리,0,0,0,558,0,1,
120080360,(주)넷스루,정보처리,0,0,1,558,0,0,
120100035,무브 주식회사,정보처리,0,0,0,558,0,1,
120110114,(주)엑스엔(XN)시스템즈,정보처리,0,0,0,558,0,0,
120110122,(주)미디어솔루션,정보처리,0,0,0,0,0,1,
120110143,(주)엠더블유스토리,정보처리,0,0,0,0,0,1,
120110145,(주)비케이에스엔피,정보처리,0,0,0,0,0,1,
120110148,(주)개미집소프트,정보처리,0,0,0,558,0,2,
120120053,(주)피엔아이컴퍼니,정보처리,0,0,1,20,0,0,
120120093,엔시온,정보처리,0,0,0,558,0,0,
120120184,(주)이피피엔,정보처리,0,0,0,558,0,1,
120120330,코리아엑스퍼트(주),정보처리,0,0,1,558,0,0,
120130124,(주)클로닉스,정보처리,0,0,1,1479,0,1,
120130140,(주)엘시스,정보처리,0,0,2,454,0,0,
120130413,이비즈네트웍스,정보처리,0,0,1,558,0,0,
120130421,(주)매그넘빈트,정보처리,0,0,0,558,0,1,
120130442,심심이(주),정보처리,0,0,0,558,0,4,
120140378,(주)앙클,정보처리,0,0,0,0,0,0,
120140453,솔트웨어(주),정보처리,0,0,0,558,0,0,
120140498,(주)아이퀘스트,정보처리,0,0,1,558,0,0,
120150050,(주)오너클랜,정보처리,0,0,2,558,0,0,
120150606,(주)모니터랩,정보처리,0,0,0,0,0,0,
120150607,네오그라프,정보처리,0,0,0,558,0,1,
120150621,주식회사 레이니스트,정보처리,0,0,4,0,0,0,
120150631,투브플러스 주식회사,정보처리,0,0,0,0,0,1,
120150632,쉐이커미디어 주식회사,정보처리,0,0,1,558,0,0,
120150634,(주)사이버텔브릿지,정보처리,0,0,0,0,0,0,
120150639,디비비전(주),정보처리,0,0,0,558,0,1,
120150646,마크애니,정보처리,0,0,1,558,0,1,
120150648,팝조이주식회사,정보처리,0,0,0,0,0,0,
120150650,(유)슬렉슨,정보처리,0,0,1,558,0,0,
120150651,(주)아이엔티매니지먼트,정보처리,0,0,0,558,0,0,
120150656,(주)두루안,정보처리,0,0,1,558,0,0,
120150681,(주)소프트기획,정보처리,0,0,0,553,0,0,
120150703,주식회사로그프레소,정보처리,0,0,1,558,0,0,
120150706,(주)스포카,정보처리,0,0,2,558,0,0,
120160202,주식회사 몬스터플래닛엠,정보처리,0,0,1,558,0,0,
120160207,트루네트웍스,정보처리,0,0,0,1479,0,0,
120160209,주식회사 집꾸미기,정보처리,0,0,0,0,0,3,
120160305,(주)컨텍,정보처리,0,0,0,817,0,0,
120160308,(주)글로벌테크놀로지,정보처리,0,0,4,817,0,0,
120160353,아이비에스,정보처리,0,0,1,817,0,0,
120160437,주식회사클래스101,정보처리,0,0,2,0,0,0,
120160590,(주)선운이앤지,정보처리,0,0,0,454,0,0,
120160909,(주)마이리얼트립,정보처리,0,0,0,558,0,0,
120160926,(주)비전인사이드,정보처리,0,0,1,0,0,0,
120160931,(주)필라웨어,정보처리,0,0,1,558,0,0,
120160935,(주)유비스티,정보처리,0,0,1,558,0,0,
120160942,(주)비원이즈,정보처리,0,0,0,1512,0,0,
120160950,(주)조은아이앤에스,정보처리,0,0,0,558,0,0,
120160955,(주)푸드테크,정보처리,0,0,1,558,0,0,
120160957,(주)파이낸셜데이타시스템,정보처리,0,0,0,558,0,0,
120160958,구우정보기술주식회사,정보처리,0,0,1,558,0,0,
120160964,주식회사하몬소프트,정보처리,0,0,1,558,0,0,
120160966,(주)헬로월드,정보처리,0,0,0,0,0,0,
120160970,(주)펍지랩스,정보처리,0,0,0,558,0,1,
120160971,(주)퍼스트코,정보처리,0,0,1,544,0,2,
120160973,주식회사모비데이즈,정보처리,0,0,0,558,0,1,
120160981,주식회사배틀엔터테인먼트,정보처리,0,0,1,558,0,0,
120160992,주식회사소프트원,정보처리,0,0,1,0,0,1,
120161001,(주)엔티시스,정보처리,0,0,2,0,0,0,
120161003,(주)타운컴퍼니,정보처리,0,0,0,558,0,0,
120161006,주식회사렌딧,정보처리,0,0,0,0,0,0,
120161010,(주)위시켓,정보처리,0,0,2,558,0,0,
120161011,(주)인포바인,정보처리,0,0,0,558,0,1,
120161021,주식회사팬덤,정보처리,0,0,2,558,0,2,
120161023,주식회사오픈갤러리,정보처리,0,0,1,558,0,0,
120161026,(주)뉴데이소프트,정보처리,0,0,1,558,0,0,
120161029,디스이즈엔지니어링주식회사,정보처리,0,0,1,1479,0,0,
120161032,(주)피알앤디컴퍼니,정보처리,0,0,1,558,0,0,
120161036,(주)로우코리아,정보처리,0,0,1,558,0,0,
120161040,(주)유프리즘,정보처리,0,0,2,558,0,0,
120161053,주식회사웰비아닷컴,정보처리,0,0,0,558,0,1,모집중
120161094,주식회사 아이네블루메매니지먼트,정보처리,0,0,1,0,0,0,
120161095,(주)터치터치,정보처리,0,0,0,0,0,2,
120161291,주식회사케어랩스,정보처리,0,0,1,0,0,0,
120170581,(주)제로웹,정보처리,0,0,1,553,0,0,
120170582,(주)비트정보기술,정보처리,0,0,0,0,0,0,
120170738,(주)메디칼스탠다드,정보처리,0,0,1,1479,0,0,
120170739,(주)아이지코,정보처리,0,0,2,1479,0,0,
120170797,윈포시스(주),정보처리,0,0,1,1479,0,0,
120170994,(주)스페이스,정보처리,0,0,2,544,0,0,
120171019,(주)코드원,정보처리,0,0,1,544,0,0,
120171067,천우항측주식회사,정보처리,0,0,1,1512,0,0,
120171309,주식회사와탭랩스,정보처리,0,0,2,558,0,1,
120171311,데이코어주식회사,정보처리,0,0,0,0,0,1,
120171316,(주)유디테크,정보처리,0,0,1,0,0,0,
120171319,(주)엠앤와이즈,정보처리,0,0,0,558,0,0,
120171322,(주)우신인포텍,정보처리,0,0,1,0,0,0,
120171326,(주)센티널테크놀로지,정보처리,0,0,1,558,0,0,
120171335,(주)시스원,정보처리,0,0,0,558,0,1,
120171339,(주)링크샵스,정보처리,0,0,0,558,0,0,
120171343,(주)인픽스,정보처리,0,0,1,558,0,0,
120171345,주식회사디에스앤텍,정보처리,0,0,2,558,0,0,
120171349,비앤에프테크놀로지,정보처리,0,0,4,0,0,0,
120171350,비트파인더코리아,정보처리,0,0,1,558,0,0,
120171351,알투소프트,정보처리,0,0,0,817,0,0,
120171352,(주)세넷시스템즈,정보처리,0,0,1,558,0,0,
120171354,(주)리얼타임테크,정보처리,0,0,3,817,0,0,
120171359,오드원게임즈,정보처리,0,0,1,558,0,0,
120171364,주식회사 푸른밤,정보처리,0,0,0,558,0,0,
120171366,(주)천명소프트,정보처리,0,0,2,558,0,0,
120171370,비브로스,정보처리,0,0,1,558,0,0,
120171374,리얼리티리플렉션(주),정보처리,0,0,0,558,0,0,
120171384,주식회사스타일닷컴,정보처리,0,0,2,0,0,0,
120171403,주식회사헬프미,정보처리,0,0,2,558,0,1,
120171420,(주)자이솜,정보처리,0,0,1,817,0,0,
120171421,(주)한컴인스페이스,정보처리,0,0,1,817,0,0,
120171423,(주)케이쓰리아이,정보처리,0,0,0,817,0,1,
120171429,한국제이에스데이터시스템즈(주),정보처리,0,0,0,558,0,0,
120171431,주식회사앤서웍스,정보처리,0,0,3,0,0,0,
120171439,주식회사펜브코퍼레이션,정보처리,0,0,0,558,0,0,
120171441,주식회사선도소프트,정보처리,0,0,0,0,0,0,
120171463,주식회사백패커,정보처리,0,0,0,558,0,0,
120171472,(주)어빌리티시스템즈,정보처리,0,0,0,558,0,0,
120171479,주식회사오픈소스컨설팅,정보처리,0,0,1,558,0,0,
120171484,아미스테크놀로지(주),정보처리,0,0,3,558,0,1,
120171490,정보와기술(주),정보처리,0,0,2,0,0,0,
120171491,비디에스인포컴(주),정보처리,0,0,1,0,0,0,
120171495,인브레인,정보처리,0,0,1,558,0,0,
120171498,크로키닷컴(주),정보처리,0,0,5,558,0,1,
120171499,주식회사지니웍스,정보처리,0,0,2,0,0,0,
120171514,한성정보기술,정보처리,0,0,1,558,0,0,
120171515,(주)포스윈,정보처리,0,0,5,558,0,0,
120171531,(주)피어스넷,정보처리,0,0,0,0,0,0,
120171533,에어포스,정보처리,0,0,1,558,0,0,
120171537,(주)인피니그루,정보처리,0,0,1,558,0,0,
120171628,플러스티브이,정보처리,0,0,0,0,0,0,
120171683,(주)알엠테크,정보처리,0,0,1,1512,0,0,
120171775,(주)프라이머리넷,정보처리,0,0,1,1512,0,0,
120171782,(주)스윗코리아,정보처리,0,0,1,558,0,0,
120180012,(주)인스퀘어,정보처리,0,0,0,454,0,0,
120180047,(주)모티프,정보처리,0,0,1,558,0,0,
120180049,(주)에이팀벤처스,정보처리,0,0,1,558,0,0,
120180050,콰라소프트,정보처리,0,0,1,558,0,0,
120180053,(주)한류에이아이센터,정보처리,0,0,0,558,0,0,
120180059,에이엔제이솔루션,정보처리,0,0,1,558,0,1,
120180060,(주)시너젠,정보처리,0,0,0,558,0,0,
120180070,(주)제너시스템,정보처리,0,0,0,558,0,0,
120180071,(주)마켓디자이너스,정보처리,0,0,0,558,0,4,
120180076,(주)더브릿지소프트,정보처리,0,0,0,558,0,0,
120180086,모디엠,정보처리,0,0,2,558,0,0,
120180091,(주)제이니스,정보처리,0,0,1,558,0,0,
120180118,에스엔비플러스,정보처리,0,0,1,558,0,1,
120180125,(주)더커머스,정보처리,0,0,1,558,0,1,
120180151,(주)세현아이씨티,정보처리,0,0,0,1479,0,0,
120180185,(주)아이콘,정보처리,0,0,0,1479,0,0,
120180189,(주)엔투소프트,정보처리,0,0,0,1479,0,2,
120180191,(주)오렌지아이티,정보처리,0,0,1,1479,0,0,
120180208,서울소프트,정보처리,0,0,1,0,0,0,
120180219,(주)디케이테크인,정보처리,0,0,0,0,0,0,
120180229,(주)트리플,정보처리,0,0,2,1479,0,0,
120180272,(주)포그리트,정보처리,0,0,0,1479,0,1,
120180274,(주)애니펜,정보처리,0,0,1,1479,0,0,
120180276,(주)큐버,정보처리,0,0,1,1479,0,0,
120180281,망고슬래브(주),정보처리,0,0,1,1479,0,0,
120180354,(주)알체라,정보처리,0,0,3,1479,0,1,
120180356,(주)지에스아이엘,정보처리,0,0,1,1479,0,1,
120180373,(주)비주얼,정보처리,0,0,1,558,0,0,
120180383,매드오카,정보처리,0,0,1,558,0,1,
120180386,(주)리스트,정보처리,0,0,1,558,0,1,
120180399,(주)웨딩북,정보처리,0,0,1,558,0,0,
120180402,웹케시(주),정보처리,0,0,2,558,0,0,
120180410,(주)가온아이,정보처리,0,0,2,0,0,0,
120180415,(주)소프트보울,정보처리,0,0,1,558,0,0,
120180421,번개장터(주),정보처리,0,0,1,558,0,0,
120180428,(주)페스카로,정보처리,0,0,1,1479,0,0,
120180431,(주)이지지오,정보처리,0,0,1,553,0,0,
120180497,(주)미리디,정보처리,0,0,1,558,0,0,
120180591,(주)핑거,정보처리,0,0,1,558,0,0,
120180594,(주)케이비시스,정보처리,0,0,1,558,0,0,
120180596,크리니티(주),정보처리,0,0,0,558,0,0,
120180616,(주)이십일세기소프트,정보처리,0,0,1,558,0,1,
120180618,(주)아이티엘,정보처리,0,0,0,558,0,2,
120180621,(주)아침소프트,정보처리,0,0,1,558,0,0,
120180627,(주)블루커뮤니케이션,정보처리,0,0,0,1512,0,0,
120180633,(주)그리드원,정보처리,0,0,0,558,0,1,
120180644,(주)히든트랙,정보처리,0,0,0,0,0,0,
120180651,(주)로앤컴퍼니,정보처리,0,0,1,558,0,0,
120180655,(주)유플렉스소프트,정보처리,0,0,0,558,0,1,
120180659,(주)엔씨지글로벌,정보처리,0,0,1,558,0,0,
120180664,(주)크몽,정보처리,0,0,0,558,0,0,
120180672,(주)지노테크,정보처리,0,0,0,0,0,1,
120180674,(주)테크플렉스,정보처리,0,0,1,817,0,0,
120180675,(주)넥스트솔루션,정보처리,0,0,0,817,0,0,
120180677,(주)알티스트,정보처리,0,0,0,817,0,0,
120180678,페이레터(주),정보처리,0,0,1,558,0,0,
120180680,(주)브링프라이스,정보처리,0,0,0,558,0,1,
120180682,(주)카이,정보처리,0,0,0,817,0,0,
120180683,(주)코글플래닛,정보처리,0,0,0,558,0,0,
120180684,주식회사 큐리어드,정보처리,0,0,1,558,0,0,
120180694,(주)엑스오비스,정보처리,0,0,0,558,0,0,
120180697,슈가힐,정보처리,0,0,0,558,0,0,
120180698,라온화이트햇,정보처리,0,0,0,558,0,2,
120180705,(주)웨인테크놀로지,정보처리,0,0,0,558,0,0,
120180714,다손테크(주)(지점),정보처리,0,0,1,558,0,0,
120180717,(주)에잇퍼센트,정보처리,0,0,1,558,0,0,
120180723,(주)청심아이티,정보처리,0,0,1,558,0,0,
120180725,(주)트루데이타,정보처리,0,0,1,0,0,1,
120180729,탄젠트,정보처리,0,0,0,0,0,2,
120180733,비브이에스(주),정보처리,0,0,1,558,0,0,
120180744,(주)뷰노,정보처리,0,0,0,558,0,1,
120180748,제플린엑스,정보처리,0,0,0,558,0,0,
120180759,(주)다비오,정보처리,0,0,1,558,0,0,
120180762,(주)파모즈,정보처리,0,0,1,558,0,1,
120180765,(주)위즈더플래닝,정보처리,0,0,0,558,0,1,
120180767,(주)와그,정보처리,0,0,0,558,0,0,
120180769,로완,정보처리,0,0,0,558,0,1,
120180771,나인파이브,정보처리,0,0,0,558,0,3,
120180774,(주)투믹스,정보처리,0,0,0,558,0,0,
120180779,브이엠솔루션(주),정보처리,0,0,1,558,0,1,
120180781,(주)훌리악,정보처리,0,0,0,0,0,0,
120180783,(주)플라이셔,정보처리,0,0,1,558,0,1,모집중
120180788,(주)케이스마텍,정보처리,0,0,1,558,0,0,
120180963,(주)오제이월드,정보처리,0,0,1,558,0,0,
120180999,(주)우경정보기술,정보처리,0,0,1,1244,0,1,
120181000,(주)휴비즈아이씨티,정보처리,0,0,1,1244,0,0,
120181001,(주)엔터인,정보처리,0,0,0,1244,0,1,
120181002,(주)쓰리아이,정보처리,0,0,0,1244,0,0,
120181003,(주)브라이튼,정보처리,0,0,1,1244,0,1,
120181042,(주)써브나라,정보처리,0,0,1,0,0,0,
120190002,애딧 주식회사,정보처리,0,0,0,0,0,0,
120190078,(주)아이트립,정보처리,0,0,0,558,0,0,
120190090,주식회사이엠비,정보처리,0,0,0,558,0,0,
120190183,(주)에스아이티코리아,정보처리,0,0,0,817,0,0,
120190185,주식회사씨메스,정보처리,0,0,0,817,0,0,
120190256,(주)레티널,정보처리,0,0,0,558,0,1,
120190258,드림에이지이(주),정보처리,0,0,0,558,0,0,
120190261,(주)뮤자인,정보처리,0,0,0,558,0,0,
120190289,(주)에스이든,정보처리,0,0,0,558,0,0,
120190472,(주)아이뱅크,정보처리,0,0,0,558,0,0,
120190483,(주)와임,정보처리,0,0,0,558,0,0,
120190493,주식회사그럼에도,정보처리,0,0,0,558,0,0,
120190494,(주)티앤엠테크,정보처리,0,0,0,558,0,0,
120190501,(주)오픈오브젝트,정보처리,0,0,0,558,0,2,
120190506,디지털원(주),정보처리,0,0,0,558,0,0,
120190510,주식회사메디블록,정보처리,0,0,1,558,0,0,
120190511,(주)블루웹,정보처리,0,0,0,558,0,0,
120190515,디딤365주식회사,정보처리,0,0,0,558,0,0,
120190516,(주)어반디지털마케팅,정보처리,0,0,0,558,0,0,
120190524,(주)이젬코,정보처리,0,0,0,558,0,0,
120190528,주식회사제이디아이앤에스,정보처리,0,0,0,558,0,0,
120190533,메이드인헤븐,정보처리,0,0,0,558,0,0,
120190537,주식회사세포아소프트,정보처리,0,0,0,558,0,0,
120190548,나인원소프트(주),정보처리,0,0,0,558,0,0,
120190553,오큐브주식회사,정보처리,0,0,0,558,0,0,
120190554,주식회사엑스바엑스,정보처리,0,0,0,558,0,0,
120190559,주식회사바이브컴퍼니,정보처리,0,0,0,558,0,0,
120190560,코어시큐리티,정보처리,0,0,1,558,0,0,
120190569,(주)헥슬란트,정보처리,0,0,1,558,0,0,
120190571,(주)그렙,정보처리,0,0,0,558,0,0,
120190598,주식회사위키시큐리티,정보처리,0,0,0,558,0,0,
120190602,(주)엑스트라이버,정보처리,0,0,0,558,0,1,
120190609,비에스지파트너스,정보처리,0,0,0,558,0,0,
120190612,주식회사라인웍스,정보처리,0,0,0,558,0,1,
120190616,주식회사호두랩스,정보처리,0,0,0,558,0,0,
120190622,(주)피타소프트,정보처리,0,0,0,1479,0,0,
120190628,(주)시큐어원,정보처리,0,0,0,558,0,0,
120190638,메가존(주),정보처리,0,0,0,558,0,0,
120190639,(주)큐센텍,정보처리,0,0,0,558,0,0,
120190643,(주)디지투스,정보처리,0,0,0,558,0,0,
120190644,(주)에이아이더,정보처리,0,0,0,0,0,0,
120190646,주식회사해시드,정보처리,0,0,0,558,0,0,
120190713,(주)블록체인씨앤에스,정보처리,0,0,0,1244,0,0,
120190716,(주)라임,정보처리,0,0,1,1244,0,0,
120190718,(주)세스트,정보처리,0,0,0,1244,0,0,
120190719,(주)원소프트다임,정보처리,0,0,0,1244,0,0,
120190960,(주)아티스츠카드,정보처리,0,0,0,1479,0,1,
120190968,씨엔비스(주),정보처리,0,0,0,1479,0,0,
120190971,주식회사 썬더소프트코리아,정보처리,0,0,0,1479,0,0,
120190978,주식회사 하이브랩,정보처리,0,0,0,1479,0,0,
120190984,(주)지엠티,정보처리,0,0,0,1479,0,1,
120190988,투아이시스(주),정보처리,0,0,0,1479,0,0,
120190990,(주)컬쳐히어로,정보처리,0,0,0,1479,0,0,
120190992,(주)비투코리아,정보처리,0,0,0,1479,0,0,
120190993,(주)인터마인즈,정보처리,0,0,0,1479,0,0,
120191084,인포뱅크(주),정보처리,0,0,0,1479,0,0,
120191200,메가존클라우드(주),정보처리,0,0,0,558,0,0,
120191202,람다256주식회사,정보처리,0,0,0,558,0,0,
120191203,(주)인재아이엔씨,정보처리,0,0,0,558,0,0,
120191250,오픈노트,정보처리,0,0,0,454,0,0,
120191310,(주)시선아이티,정보처리,0,0,0,553,0,0,
120191318,주식회사 리라소프트,정보처리,0,0,0,553,0,0,
120200014,(주)하얀마인드,정보처리,0,0,0,817,0,0,
120200033,(주)유플러스시스템,정보처리,0,0,0,558,0,0,
120200034,(주)게임베리,정보처리,0,0,0,558,0,0,
120200035,(주)에이럭스,정보처리,0,0,0,558,0,0,
120200036,씨지에스아이티(주),정보처리,0,0,0,558,0,0,
120200037,(주)크리에이트립,정보처리,0,0,0,558,0,0,
120200038,스페이스워크(주),정보처리,0,0,0,558,0,0,모집중
120200040,(주)이지위드,정보처리,0,0,0,558,0,0,
120200050,(주)명지정보기술,정보처리,0,0,0,306,0,0,
120200093,(주)엠제이비전테크,정보처리,0,0,0,1244,0,0,
120200110,(주)피앤피시큐어,정보처리,0,0,0,1479,0,0,모집중
120200116,(주)구름,정보처리,0,0,0,1479,0,0,
120200143,스마일드래곤(주),정보처리,0,0,1,0,0,0,모집중
120200166,(주)캐치잇플레이,정보처리,0,0,0,0,0,0,
120200186,(주)뮤즈라이브,정보처리,0,0,0,558,0,0,모집중
120200187,(주)하우스오브리벨스,정보처리,0,0,0,558,0,0,
120200188,(주)스탠스,정보처리,0,0,0,558,0,0,
120200189,씨아이씨소프트(주),정보처리,0,0,0,558,0,0,
120200190,핌즈(주),정보처리,0,0,0,558,0,0,
120200192,(주)이음시스템즈,정보처리,0,0,0,558,0,0,
120200193,(주)재미,정보처리,0,0,0,558,0,0,
120200194,(주)써머스플랫폼,정보처리,0,0,0,558,0,0,
120200195,(주)소리를보는통로,정보처리,0,0,0,558,0,0,
120200196,에이플러스비,정보처리,0,0,0,558,0,0,
120200197,(주)파운트,정보처리,0,0,0,558,0,0,모집중
120200198,(주)리드포인트시스템,정보처리,0,0,0,558,0,0,모집중
120200199,메디컬아이피(주),정보처리,0,0,0,558,0,0,
120200200,주식회사 테사,정보처리,0,0,1,558,0,0,
120200201,플렉스(주),정보처리,0,0,0,558,0,0,
120200202,(주)퍼플랩스,정보처리,0,0,0,558,0,0,
120200203,(주)커먼컴퓨터,정보처리,0,0,0,558,0,0,
120200204,팀블랙버드(주),정보처리,0,0,0,558,0,0,
120200205,(주)에스비네트워크,정보처리,0,0,0,558,0,0,
120200206,(주)비엔아이,정보처리,0,0,0,558,0,0,
120200207,(주)씨씨미디어서비스,정보처리,0,0,0,558,0,0,
120200208,(주)텔루스,정보처리,0,0,0,558,0,0,
120200209,(주)오피지지,정보처리,0,0,0,558,0,0,
120200210,(주)코레이즈홀딩스,정보처리,0,0,0,558,0,0,
120200211,(주)프람트테크놀로지,정보처리,0,0,0,558,0,0,
120200212,(주)플리토,정보처리,0,0,0,558,0,0,
120200213,모바일엔트로피,정보처리,0,0,0,558,0,0,
120200214,(주)즐거운,정보처리,0,0,0,558,0,0,
120200215,(주)보이스루,정보처리,0,0,0,558,0,0,
120200216,(주)에너닷,정보처리,0,0,0,558,0,0,
120200218,(주)드로닉스,정보처리,0,0,0,558,0,0,
120200219,지뉴소프트,정보처리,0,0,0,558,0,0,
120200220,케이투웹테크(주),정보처리,0,0,0,558,0,0,
120200221,(주)알바체크,정보처리,0,0,0,558,0,0,
120200222,(주)알티웍스,정보처리,0,0,0,558,0,0,
120200223,모비어스앤밸류체인(주),정보처리,0,0,0,558,0,0,
120200224,라임프렌즈,정보처리,0,0,0,558,0,0,모집중
120200225,(주)비아이엔솔루션,정보처리,0,0,0,558,0,0,
120200226,제타럭스시스템,정보처리,0,0,0,558,0,0,
120200227,(주)리테일앤인사이트,정보처리,0,0,0,558,0,0,
120200228,(주)파루씨앤씨,정보처리,0,0,0,558,0,0,모집중
120200229,데이블,정보처리,0,0,0,558,0,0,
120200231,(주)뱅크런,정보처리,0,0,0,558,0,0,
120200232,(주)모스티소프트,정보처리,0,0,0,558,0,0,
120200233,(주)뭉치,정보처리,0,0,0,558,0,0,
120200234,(주)맘편한세상,정보처리,0,0,0,558,0,0,
120200235,(주)스무디,정보처리,0,0,0,558,0,0,
120200236,(주)제론소프트엔,정보처리,0,0,0,558,0,0,모집중
120200237,(주)이프커뮤니티,정보처리,0,0,0,558,0,0,
120200238,(주)예거,정보처리,0,0,0,558,0,0,
120200239,(주)엘엠프렌즈,정보처리,0,0,0,558,0,0,
120200240,(주)언더핀,정보처리,0,0,0,558,0,0,
120200241,(주)에스티,정보처리,0,0,0,558,0,0,모집중
120200242,액션파워,정보처리,0,0,0,558,0,0,
120200243,다한정보기술,정보처리,0,0,0,558,0,0,
120200244,(주)짐싸,정보처리,0,0,0,558,0,0,
120200245,(주)에오스와이텍,정보처리,0,0,0,558,0,0,
120200246,(주)티지360테크놀로지스,정보처리,0,0,0,558,0,0,모집중
120200248,(주)텐핑거스,정보처리,0,0,0,558,0,0,모집중
120200249,굿모니터링(주),정보처리,0,0,0,558,0,0,
120200250,(주)더하일,정보처리,0,0,0,558,0,0,
120200251,(주)아이커머,정보처리,0,0,0,558,0,0,
120200252,(주)미소아이티,정보처리,0,0,0,558,0,0,모집중
120200276,(주)트리거파트너스,정보처리,0,0,0,558,0,0,
120200277,듀코젠,정보처리,0,0,0,558,0,0,
120200279,(주)아도스,정보처리,0,0,1,558,0,0,
120200280,(주)무한정보기술,정보처리,0,0,0,558,0,0,
120200281,(주)유라클,정보처리,0,0,0,558,0,0,
120200282,휴먼아이씨티,정보처리,0,0,0,558,0,0,
120200283,(주)아이포트폴리오,정보처리,0,0,0,558,0,0,
120200284,(주)라티스글로벌커뮤니케이션스,정보처리,0,0,0,558,0,0,
120200285,(주)한국해양기상기술,정보처리,0,0,0,558,0,0,
120200290,지티시스템 주식회사,정보처리,0,0,0,558,0,0,
120200291,(주)더기프팅컴퍼니,정보처리,0,0,0,558,0,0,모집중
120200292,(주)핀다,정보처리,0,0,0,558,0,0,
120200293,(주)나누고,정보처리,0,0,0,558,0,0,
120200294,올리브유니온주식회사,정보처리,0,0,0,558,0,0,
120200295,(주)에코아이티,정보처리,0,0,0,558,0,0,
120200299,(주)이데아인포,정보처리,0,0,0,817,0,0,
120200300,(주)씽크소프트,정보처리,0,0,0,817,0,0,
120200301,(주)인포스,정보처리,0,0,0,817,0,0,
120200308,(주)이안,정보처리,0,0,0,558,0,0,
120200309,(주)버즈비터즈,정보처리,0,0,0,558,0,0,
120200311,(유)아홉,정보처리,0,0,0,558,0,0,
120200312,전능아이티(주),정보처리,0,0,0,558,0,0,모집중
120200314,(주)심지,정보처리,0,0,0,0,0,0,
120200315,경성테크놀러지,정보처리,0,0,0,0,0,0,
120200364,다운정보통신(주),정보처리,0,0,0,0,0,0,
120200365,(주)모두싸인,정보처리,0,0,0,0,0,0,
120200366,(주)피엘지,정보처리,0,0,0,0,0,0,
120200367,주식회사티엔코아,정보처리,0,0,0,558,0,0,
120200370,(주)직랩,정보처리,0,0,0,558,0,0,
120200371,단비코리아,정보처리,0,0,0,558,0,0,모집중
120200372,(주)도구공간,정보처리,0,0,0,558,0,0,
120200373,(주)라이커스넷,정보처리,0,0,0,558,0,0,
120200374,(주)애드오피,정보처리,0,0,0,558,0,0,모집중
120200375,(주)지후소프트,정보처리,0,0,0,558,0,0,
120200376,(주)알고리마,정보처리,0,0,0,558,0,0,
120200377,스마트쿱(주),정보처리,0,0,0,558,0,0,
120200378,디어코퍼레이션,정보처리,0,0,0,558,0,0,
120200379,씨유박스,정보처리,0,0,0,558,0,0,모집중
120200380,라온스토리,정보처리,0,0,0,558,0,0,
120200381,(주)코아맥스테크놀로지,정보처리,0,0,0,558,0,0,
120200383,(주)딜리버리랩,정보처리,0,0,0,558,0,0,
120200385,(주)한터글로벌,정보처리,0,0,0,558,0,0,
120200386,(주)크리마,정보처리,0,0,0,558,0,0,
120200388,(주)쿼렌시스,정보처리,0,0,0,558,0,0,
120200389,(주)스푼라디오,정보처리,0,0,0,558,0,0,모집중
120200391,(주)제노임펙트,정보처리,0,0,0,558,0,0,
120200393,비트루브,정보처리,0,0,0,558,0,0,
120200394,구루멘토링(주),정보처리,0,0,0,558,0,0,
120200395,(주)에스알포스트,정보처리,0,0,0,558,0,0,
120200396,(주)소프트체인,정보처리,0,0,0,558,0,0,
120200397,(주)옴니씨앤에스,정보처리,0,0,0,558,0,0,
120200398,주식회사 파이어소프트,정보처리,0,0,0,558,0,0,
120200399,클라우드브릭,정보처리,0,0,0,558,0,0,
120200400,(주)나루아이,정보처리,0,0,0,558,0,0,
120200401,(주)비타소프트,정보처리,0,0,0,558,0,0,모집중
120200402,비트바이트,정보처리,0,0,0,558,0,0,
120200403,디노플러스(주),정보처리,0,0,0,558,0,0,
120200407,데일리펀딩,정보처리,0,0,0,558,0,0,
120200408,(주)더스윙,정보처리,0,0,0,558,0,0,
120200409,엠비아이솔루션,정보처리,0,0,0,558,0,0,
120200410,(주)에너자이,정보처리,0,0,0,558,0,0,모집중
120200411,(주)이스트림,정보처리,0,0,0,558,0,0,
120200412,스테이폴리오,정보처리,0,0,0,558,0,0,
120200413,유니크굿컴퍼니,정보처리,0,0,0,558,0,0,
120200458,아르고넷,정보처리,0,0,0,817,0,0,
120200459,페이위드,정보처리,0,0,0,817,0,0,
120200460,(주)데이터몬스터즈,정보처리,0,0,0,817,0,0,
120200461,(주)파로스정보통신,정보처리,0,0,0,817,0,0,
120200462,루센트블록,정보처리,0,0,0,817,0,0,
120200463,(주)에스아이에이,정보처리,0,0,0,817,0,0,
120200464,(주)힉스,정보처리,0,0,0,817,0,0,
120200465,(주)케이시크,정보처리,0,0,0,817,0,0,
120200466,알고케어(주),정보처리,0,0,0,817,0,0,
120200467,(주)쓰리세컨즈,정보처리,0,0,0,817,0,0,
120200469,(주)엘핀,정보처리,0,0,0,558,0,0,모집중
120200471,(주)텔로스,정보처리,0,0,0,306,0,0,
120200493,(주)시스젠,정보처리,0,0,0,306,0,0,모집중
120200500,몬드리안에이아이,정보처리,0,0,0,0,0,0,
120200608,(주)인포마이닝,정보처리,0,0,0,0,0,0,
120200609,자몽컴퍼니,정보처리,0,0,0,0,0,0,
120200684,(주)핀그램,정보처리,0,0,0,1479,0,0,
120200685,그린캣소프트(주),정보처리,0,0,0,1479,0,0,
120200686,(주)보라스카이,정보처리,0,0,0,1479,0,0,모집중
120200687,(주)지농,정보처리,0,0,0,1479,0,0,
120200688,(주)지오유,정보처리,0,0,0,1479,0,0,
120200689,(주)핀업,정보처리,0,0,0,1479,0,0,모집중
120200690,(주)한길더블류아이티,정보처리,0,0,0,1479,0,0,
120200691,(주)유니파이시스템즈,정보처리,0,0,0,1479,0,0,
120200693,업라이즈(주),정보처리,0,0,0,1479,0,0,
120200694,(주)와드,정보처리,0,0,0,1479,0,0,
120200825,(주)엔조이소프트,정보처리,0,0,0,1479,0,0,
120200826,쉬프트정보통신(주),정보처리,0,0,0,1479,0,0,모집중
120200827,(주)에이아이웨어,정보처리,0,0,0,1479,0,0,
120200828,위프코(주),정보처리,0,0,0,1479,0,0,
120200829,(주)디투이노베이션,정보처리,0,0,0,1479,0,0,
120200830,(주)와토솔루션,정보처리,0,0,0,1479,0,0,
120200831,(주)지우정보기술,정보처리,0,0,0,1479,0,0,
120200832,(주)와이디엔에스,정보처리,0,0,0,1479,0,0,
120200833,(주)펀앤뉴,정보처리,0,0,0,1479,0,0,
120200834,(주)빌리언이십일,정보처리,0,0,0,1479,0,0,
120200836,(주)애니모비,정보처리,0,0,0,1479,0,0,
120200837,조앤소프트,정보처리,0,0,0,1479,0,0,
120200838,쏘마,정보처리,0,0,0,1479,0,0,
120200839,(주)포도,정보처리,0,0,0,1479,0,0,
120200840,(주)네오위드넷,정보처리,0,0,0,1479,0,0,
120200841,케이에스아이,정보처리,0,0,0,1479,0,0,
120200842,트윔,정보처리,0,0,0,1479,0,0,
120200843,(주)튠잇,정보처리,0,0,0,1479,0,0,
120200845,공간정보기술(주),정보처리,0,0,0,1479,0,0,
120200850,주흘이엔지(주),정보처리,0,0,0,0,0,0,
120200851,(주)이지스,정보처리,0,0,1,0,0,0,
120200852,인플랩(주),정보처리,0,0,0,0,0,0,
120200921,(주)제이솔루션,정보처리,0,0,0,0,0,0,
120200922,솔루션코리아(주),정보처리,0,0,0,0,0,0,
120200923,서광항업(주),정보처리,0,0,0,0,0,0,
120200924,포인드(주),정보처리,0,0,0,0,0,1,
120200925,클루피(주),정보처리,0,0,0,0,0,0,
120200928,(주)모아정보기술,정보처리,0,0,0,0,0,0,
120200947,(주)인디제이,정보처리,0,0,0,0,0,0,
120200965,(주)유니드,정보처리,0,0,0,0,0,0,
121060001,임팩시스,정보처리,0,0,1,99,0,0,
